id,n_drivers,n_rfd,driver_driver_similarity,rfd_rfd_similarity,driver_rfd_similarity
1500,2,2,0.13180691003799438,0.18962275981903076,0.07362456619739532
1501,3,1,0.1499757170677185,,0.2048652172088623
1502,2,3,0.1505315899848938,0.3121657371520996,0.24300329387187958
1507,2,5,0.33410391211509705,0.3286755383014679,0.3399769365787506
1508,2,2,0.24472548067569733,0.20521189272403717,0.3248165249824524
1509,2,4,0.16139370203018188,0.30249884724617004,0.20839986205101013
1510,2,2,0.3445308208465576,0.06773681193590164,0.15477082133293152
1511,2,3,0.32110661268234253,0.5187484622001648,0.3724956512451172
1512,2,2,0.23166030645370483,0.40275177359580994,0.22682029008865356
1514,2,1,0.39783820509910583,,0.18045100569725037
1517,2,2,0.3831014633178711,0.20265167951583862,0.2614799439907074
1518,2,3,0.20916132628917694,0.29959896206855774,0.309469997882843
1520,2,2,0.3886129856109619,0.15422144532203674,0.2956114411354065
1522,2,1,0.1651977151632309,,0.22987213730812073
1525,2,3,0.5783770084381104,0.4976554811000824,0.2584323585033417
1526,2,2,0.25537988543510437,0.27751627564430237,0.2902490794658661
1528,1,1,,,0.14029020071029663
1532,2,2,0.28793030977249146,0.05782096087932587,0.19137945771217346
1533,2,1,0.18508757650852203,,0.2959632873535156
1539,1,2,,0.3493124544620514,0.5863444805145264
1540,0,2,,0.297496497631073,
1544,2,2,0.2715992331504822,0.12372997403144836,0.18627861142158508
1545,2,1,0.42005839943885803,,0.2560414671897888
1548,2,3,0.20211531221866608,0.23049946129322052,0.24277222156524658
1553,2,2,0.25717073678970337,0.49766871333122253,0.08640576153993607
1554,3,2,0.260206937789917,0.6547020673751831,0.11654722690582275
1560,1,1,,,0.26898834109306335
1561,1,3,,0.39322519302368164,0.20209789276123047
1562,1,0,,,
1563,1,1,,,0.05170249193906784
1564,1,0,,,
1565,1,1,,,0.20949645340442657
1566,2,3,0.37268078327178955,0.336195707321167,0.4117559492588043
1567,1,3,,0.3157081604003906,0.33919277787208557
1568,1,3,,0.2612556517124176,0.16253019869327545
1570,1,0,,,
1571,1,1,,,0.215616837143898
1573,2,0,0.5737046003341675,,
1574,1,1,,,0.41593265533447266
1578,1,1,,,0.3897894620895386
1580,1,0,,,
1582,1,1,,,0.5292026996612549
1583,1,0,,,
1584,1,3,,0.15761463344097137,0.2887122929096222
1585,1,1,,,0.2890709638595581
1587,1,1,,,0.32792508602142334
1589,2,1,0.6868069171905518,,0.41853031516075134
1590,1,1,,,0.8973297476768494
1591,1,3,,0.1289748102426529,0.28153952956199646
1592,2,3,0.16740623116493225,0.1255010962486267,0.24742917716503143
1594,2,1,0.3353235125541687,,0.38918691873550415
1595,2,3,0.38452377915382385,0.23934300243854523,0.24796821177005768
1597,3,2,0.22861093282699585,0.12966054677963257,0.27022793889045715
1600,1,0,,,
1601,2,3,0.32452499866485596,0.32619738578796387,0.16320647299289703
1603,1,1,,,0.6767434477806091
1605,3,2,0.44950616359710693,0.3909488916397095,0.37889930605888367
1608,1,2,,0.24414360523223877,0.16015216708183289
1609,2,1,0.34089672565460205,,0.1086461991071701
1611,2,5,0.3731446862220764,0.2780754268169403,0.3427891433238983
1613,3,4,0.2387019842863083,0.24410133063793182,0.23232702910900116
1617,2,2,0.4778588116168976,0.34909379482269287,0.3705903887748718
1618,2,2,0.17612773180007935,0.2321479320526123,0.3411684036254883
1619,1,3,,0.2191072553396225,0.22992324829101562
1621,2,2,0.4300079941749573,0.45793622732162476,0.30571913719177246
1623,2,2,0.25622668862342834,0.1804717481136322,0.22873981297016144
1624,2,0,0.3532266318798065,,
1625,1,2,,0.3054433763027191,0.6000829935073853
1626,2,2,0.23504747450351715,0.14465700089931488,0.29168498516082764
1627,3,2,0.35496005415916443,0.39842066168785095,0.3096109628677368
1628,2,2,0.5487179756164551,0.1611618995666504,0.34030187129974365
1629,2,4,0.04202626645565033,0.26334524154663086,0.241805300116539
1630,2,2,0.5426666140556335,0.18280304968357086,0.3149881958961487
1631,2,3,0.29983168840408325,0.39288631081581116,0.3687686622142792
1634,2,2,0.7608893513679504,0.3023369610309601,0.27251946926116943
1635,2,3,0.573912501335144,0.2899630069732666,0.37208056449890137
1637,1,3,,0.26819923520088196,0.44490885734558105
1638,3,3,0.4208559989929199,0.15925653278827667,0.2636827826499939
1640,2,0,0.34461501240730286,,
1641,3,3,0.47901737689971924,0.2691408395767212,0.4624343514442444
1642,2,4,0.20861965417861938,0.28251755237579346,0.1751004159450531
1643,2,1,0.156749427318573,,0.4042305648326874
1644,1,4,,0.20501463115215302,0.25535422563552856
1646,2,4,0.5593718886375427,0.2802651822566986,0.43176060914993286
1647,2,3,0.18663610517978668,0.24359536170959473,0.283059298992157
1649,1,1,,,0.43057703971862793
1650,2,2,0.6573388576507568,0.616168737411499,0.3621997833251953
1651,1,3,,0.2911059558391571,0.29292020201683044
1657,1,2,,0.3525592088699341,0.28772053122520447
1658,1,2,,0.25552746653556824,0.23760536313056946
1659,3,2,0.19811852276325226,0.4284503757953644,0.1969851851463318
1660,2,0,0.3784191608428955,,
1661,2,2,0.32421454787254333,0.16229799389839172,0.3117087483406067
1663,2,3,0.4968371093273163,0.19664280116558075,0.3656705319881439
1664,1,2,,0.3063807785511017,0.35656407475471497
1665,1,1,,,0.1441340446472168
1666,3,1,0.17791371047496796,,0.21529988944530487
1667,2,4,0.3708913028240204,0.16329485177993774,0.23416820168495178
1669,1,0,,,
1670,2,1,0.31905773282051086,,0.26411914825439453
1671,1,3,,0.3377281725406647,0.5772140026092529
1672,2,1,0.2901321053504944,,0.125335693359375
1673,2,1,0.08632752299308777,,0.08476482331752777
1674,2,3,0.5487179756164551,0.41497957706451416,0.469180703163147
1680,2,3,0.3353329598903656,0.37423643469810486,0.3560096323490143
1681,2,5,0.5487126111984253,0.17970140278339386,0.3127780258655548
1687,2,3,0.4334564208984375,0.5503094792366028,0.5860241055488586
1688,3,2,0.33035266399383545,0.4514642059803009,0.4602738320827484
1689,2,2,0.3498196005821228,0.3714011609554291,0.4781685769557953
1690,2,1,0.5158235430717468,,0.5827654600143433
1691,2,2,0.5115927457809448,0.26115894317626953,0.16148225963115692
1693,2,2,0.5663846731185913,0.23595459759235382,0.43453383445739746
1695,2,0,0.34842491149902344,,
1696,2,0,0.3832685053348541,,
1698,1,2,,0.3381277024745941,0.18231473863124847
1700,3,4,0.4053727686405182,0.2125958651304245,0.3453420400619507
1701,2,3,0.4688420295715332,0.28017666935920715,0.2608688175678253
1702,3,4,0.32209649682044983,0.3544103801250458,0.2440696805715561
1703,2,0,0.39409947395324707,,
1704,2,2,0.3107638955116272,0.20504556596279144,0.3447170853614807
1707,2,4,0.24102453887462616,0.31241393089294434,0.35646694898605347
1708,2,1,0.40333276987075806,,0.3443737328052521
1712,1,0,,,
1713,2,0,0.5801828503608704,,
1714,2,2,0.5518320798873901,0.019696494564414024,0.31013157963752747
1715,3,2,0.301515132188797,0.4825723171234131,0.16179795563220978
1721,2,3,0.5487791895866394,0.21384871006011963,0.2597884237766266
1725,2,4,0.1891249418258667,0.24655266106128693,0.24882248044013977
1728,2,2,0.18049198389053345,0.4033582806587219,0.3383682072162628
1731,2,4,0.29261279106140137,0.31808534264564514,0.177353173494339
1732,2,0,0.37407565116882324,,
1733,2,2,0.5487179756164551,0.21890351176261902,0.34871840476989746
1735,3,2,0.4029580056667328,0.0985589474439621,0.2057495266199112
1736,2,2,0.5082101821899414,0.4161636531352997,0.3624953031539917
1738,3,3,0.29145029187202454,0.3569979965686798,0.26583433151245117
1741,2,1,0.47739797830581665,,0.2765665352344513
1743,3,4,0.28293314576148987,0.3243940770626068,0.14659318327903748
1744,1,0,,,
1746,3,3,0.43988335132598877,0.12805093824863434,0.2537554204463959
1747,3,1,0.44879695773124695,,0.4464292526245117
1748,2,2,0.45638710260391235,0.4128984212875366,0.43892407417297363
1749,2,4,0.5114781856536865,0.40318015217781067,0.5251008868217468
1909,3,2,0.4730590879917145,0.18317389488220215,0.27359041571617126
1910,2,0,0.405824214220047,,
1912,1,3,,0.21114616096019745,0.2541196346282959
1913,1,0,,,
1915,2,1,0.21232040226459503,,0.2237846702337265
1917,1,0,,,
1918,2,2,0.16185714304447174,0.07665272802114487,0.32544392347335815
1919,2,2,0.48782551288604736,0.2999044954776764,0.25973013043403625
1922,2,1,0.341572105884552,,0.2955554723739624
1923,2,2,0.4977382719516754,0.38035497069358826,0.20401456952095032
1926,2,1,0.13125459849834442,,0.1241314560174942
1928,1,0,,,
1930,1,3,,0.2692960500717163,0.38259264826774597
1931,2,1,0.08035942167043686,,0.06279809772968292
1934,1,3,,0.23167146742343903,0.21875230967998505
1935,1,1,,,0.26483142375946045
1936,2,4,0.5085122585296631,0.2539139986038208,0.3021266758441925
1938,1,1,,,0.09027533233165741
1939,2,1,0.7608892917633057,,0.19532862305641174
1943,2,4,0.2046043872833252,0.17616327106952667,0.20301222801208496
1944,2,2,0.05442110821604729,0.17292454838752747,0.18689711391925812
1945,1,1,,,0.26253336668014526
1946,1,1,,,0.16184714436531067
1947,1,1,,,0.18332470953464508
1949,1,1,,,0.6356749534606934
1950,1,0,,,
1951,1,2,,0.28914713859558105,0.21310961246490479
1952,2,1,0.39506664872169495,,0.23145762085914612
1953,3,0,0.22924232482910156,,
1954,1,2,,0.35841965675354004,0.5333039164543152
1958,1,0,,,
1959,3,5,0.28321799635887146,0.14526595175266266,0.2185969352722168
1961,1,2,,0.13936440646648407,0.3179401755332947
1962,3,4,0.3877600133419037,0.26219773292541504,0.34093472361564636
1966,3,2,0.5886304974555969,0.2005397379398346,0.24106520414352417
1969,2,3,0.3326420187950134,0.4965793192386627,0.42064499855041504
1972,1,3,,0.16788168251514435,0.29319658875465393
1973,1,4,,0.2993676960468292,0.3834826946258545
1974,2,0,0.3699384331703186,,
1976,2,2,0.6868069171905518,0.09516074508428574,0.256375253200531
1977,2,0,0.6868069171905518,,
1978,1,4,,0.08750522136688232,0.12867705523967743
1984,2,2,0.3864123821258545,0.1863153576850891,0.21465609967708588
1987,1,0,,,
1992,2,0,0.4452618360519409,,
1993,1,3,,0.7604225277900696,0.334909588098526
1994,1,4,,0.20148690044879913,0.22181686758995056
1995,1,1,,,0.4477970600128174
1996,2,1,0.334410697221756,,0.18972527980804443
1997,2,2,0.4942346513271332,0.1609097123146057,0.1598203182220459
1999,1,0,,,
2001,3,3,0.4813190996646881,0.2839448153972626,0.3355431854724884
2002,2,1,0.5266838073730469,,0.24323484301567078
2003,1,1,,,0.44260767102241516
2005,2,1,0.3014705181121826,,0.11683107167482376
2007,1,0,,,
2008,1,1,,,0.21558406949043274
2009,2,5,0.5360933542251587,0.2585381269454956,0.36871734261512756
2010,1,0,,,
2011,1,1,,,0.2426985204219818
2014,1,0,,,
2017,1,1,,,0.2448711097240448
2020,1,0,,,
2022,1,2,,0.087411068379879,0.19317497313022614
2024,3,3,0.5105034708976746,0.3810160458087921,0.3737490475177765
2025,1,4,,0.42726361751556396,0.5679205656051636
2027,2,1,0.3596082627773285,,0.3790423274040222
2028,2,2,0.5139085054397583,0.3769497573375702,0.40253931283950806
2050,3,3,0.3579730987548828,0.1647961139678955,0.22538338601589203
2057,2,3,0.11849649995565414,0.2474515289068222,0.2624529004096985
2059,3,1,0.3537018299102783,,0.3768045902252197
2062,3,0,0.5528742671012878,,
2063,2,0,0.3696913719177246,,
2067,2,1,0.11024800688028336,,0.3450338840484619
2068,2,2,0.2629665732383728,0.29529017210006714,0.2846238613128662
2072,3,0,0.5101584792137146,,
2074,2,2,0.35916388034820557,0.3394157886505127,0.24174292385578156
2075,2,2,0.4165782630443573,0.19191868603229523,0.27087530493736267
2081,1,4,,0.1010393500328064,0.16407182812690735
2082,1,2,,0.23350724577903748,0.20641037821769714
2085,2,0,0.38610750436782837,,
2087,2,1,0.2818661332130432,,0.247666597366333
2089,2,1,0.24968397617340088,,0.327494740486145
2092,1,2,,0.2700313925743103,0.451063334941864
2094,3,2,0.2675524055957794,0.4430333077907562,0.3197018802165985
2097,2,1,0.3657410144805908,,0.1540025770664215
2098,2,1,0.2810938060283661,,0.5065189003944397
2099,2,0,0.32309579849243164,,
2100,1,1,,,0.20042484998703003
2102,2,1,0.34254881739616394,,0.6712744235992432
2103,2,1,0.7976341843605042,,0.5297811627388
2105,1,3,,0.13188104331493378,0.2661742866039276
2107,2,4,0.7976341843605042,0.3420991599559784,0.4097481369972229
2109,2,3,0.2141977697610855,0.25354883074760437,0.24788016080856323
2110,2,2,0.462567001581192,0.31806516647338867,0.25424376130104065
2111,2,0,0.43245774507522583,,
2113,3,1,0.2894350588321686,,0.3203143775463104
2115,3,1,0.21595685184001923,,0.166580930352211
2117,1,1,,,0.3547813892364502
2121,3,2,0.4797225892543793,0.2180233597755432,0.28929463028907776
2122,2,3,0.2569018304347992,0.2880077660083771,0.2972245514392853
2124,1,0,,,
2125,2,4,0.36262446641921997,0.11480072140693665,0.16908913850784302
2130,3,3,0.25578007102012634,0.2248399257659912,0.2712947428226471
2131,3,0,0.42806553840637207,,
2133,2,3,0.35214176774024963,0.36689433455467224,0.3475470244884491
2135,2,0,0.5439625382423401,,
2136,1,4,,0.2513139545917511,0.28179502487182617
2137,2,3,0.2618538737297058,0.2863302230834961,0.2319038063287735
2141,1,0,,,
2142,3,2,0.2622223198413849,0.08620179444551468,0.2684362828731537
2143,2,0,0.32421454787254333,,
2147,1,1,,,0.32096225023269653
2148,2,0,0.4165782630443573,,
2149,1,0,,,
2150,3,3,0.6086821556091309,0.3037918508052826,0.362067848443985
2151,1,1,,,0.20814956724643707
2153,1,2,,0.22578100860118866,0.37856826186180115
2154,2,4,0.6416341066360474,0.3698350489139557,0.3000333309173584
2156,2,1,0.8073645234107971,,0.41123729944229126
2157,1,0,,,
2158,1,1,,,0.11696246266365051
2159,1,0,,,
2160,1,1,,,0.5009969472885132
2161,1,3,,0.14344893395900726,0.14321665465831757
2162,1,0,,,
2163,2,1,0.2829239070415497,,0.5278903841972351
2164,1,3,,0.338616281747818,0.21175526082515717
2167,1,4,,0.31850913166999817,0.49356940388679504
2168,1,0,,,
2169,1,0,,,
2170,2,1,0.3333834111690521,,0.06908556073904037
2171,3,1,0.3275502920150757,,0.29996874928474426
2173,3,3,0.26915207505226135,0.2806282937526703,0.06284041702747345
2175,2,2,0.39655670523643494,0.23368360102176666,0.2436949610710144
2176,2,2,0.6416341066360474,0.14695407450199127,0.3670817017555237
2177,1,1,,,0.15194672346115112
2183,3,2,0.4779096841812134,0.07442183792591095,0.21003848314285278
2184,2,2,0.16986149549484253,0.15909841656684875,0.23592662811279297
2185,2,1,0.25501492619514465,,0.41544926166534424
2186,1,0,,,
2187,3,0,0.38857078552246094,,
2188,2,3,0.3411627411842346,0.2942924499511719,0.33323147892951965
2189,2,2,0.3512408435344696,0.44221657514572144,0.2844918370246887
2193,2,0,0.45455873012542725,,
2194,1,1,,,0.4241400361061096
2195,2,0,0.45896193385124207,,
2196,1,3,,0.23792964220046997,0.3071574866771698
2200,2,3,0.31656384468078613,0.36541321873664856,0.2814813554286957
2201,2,2,0.23118534684181213,0.25135183334350586,0.2172147035598755
2202,1,1,,,0.5759420394897461
2208,2,0,0.45896193385124207,,
2210,1,2,,0.2872489392757416,0.5394495725631714
2211,2,4,0.4268978536128998,0.1788760870695114,0.3036186099052429
2212,1,2,,0.11960525810718536,0.3411417007446289
2214,1,4,,0.23756563663482666,0.36913585662841797
2217,2,0,0.6868069171905518,,
2219,2,4,0.5360933542251587,0.25843745470046997,0.4237558841705322
2222,2,1,0.6868069171905518,,0.20661389827728271
2223,1,3,,0.13665737211704254,0.3898526430130005
2224,1,1,,,0.16039440035820007
2226,1,3,,0.13179799914360046,0.2677585482597351
2227,1,3,,0.148004949092865,0.22361557185649872
2229,2,1,0.2632920444011688,,0.4010316729545593
2230,2,1,0.23115620017051697,,0.06044387072324753
2232,2,1,0.3285394310951233,,0.3100358247756958
2234,2,0,0.3673466742038727,,
2239,1,1,,,0.4793233871459961
2240,3,3,0.38888582587242126,0.21477799117565155,0.33354493975639343
2243,2,1,0.27459004521369934,,0.23608574271202087
2247,2,2,0.4319787919521332,0.5781852006912231,0.2441491186618805
2248,2,1,0.1840331107378006,,0.1776605248451233
2249,1,0,,,
2252,2,3,0.2803545594215393,0.4932035505771637,0.30676940083503723
2262,2,4,0.4165782630443573,0.21538597345352173,0.22708868980407715
2265,3,1,0.5978671908378601,,0.25706636905670166
2266,2,4,0.6868069171905518,0.23322264850139618,0.3053416311740875
2268,1,0,,,
2271,3,4,0.24407421052455902,0.16003690659999847,0.16383576393127441
2274,1,1,,,0.06371482461690903
2275,2,2,0.031258661299943924,0.0667567104101181,0.1464470624923706
2277,2,0,0.25679031014442444,,
2286,2,1,0.16883233189582825,,0.28243759274482727
2290,1,0,,,
2299,2,2,0.22767911851406097,0.23366732895374298,0.2335769534111023
2300,1,2,,0.05805695056915283,0.2335941195487976
2301,1,2,,0.2133965939283371,0.17940454185009003
2304,1,2,,0.19555887579917908,0.2121703326702118
2305,2,1,0.25393348932266235,,0.6269667148590088
2307,3,3,0.4109547436237335,0.2742282450199127,0.3565296530723572
2308,2,1,0.08624474704265594,,0.06901285797357559
2309,2,3,0.17090439796447754,0.21964313089847565,0.08698634058237076
2310,2,3,0.13632901012897491,0.25777557492256165,0.23419491946697235
2312,2,1,0.44656601548194885,,0.46397650241851807
2313,1,1,,,0.3322831392288208
2315,3,3,0.30618682503700256,0.1719633787870407,0.16905443370342255
2317,2,2,0.48747724294662476,0.290653258562088,0.49626296758651733
2318,2,5,0.12468037009239197,0.23530206084251404,0.2476876974105835
2321,1,2,,0.10484777390956879,0.27368444204330444
2323,2,3,0.4770468771457672,0.42497333884239197,0.6253278851509094
2324,2,1,0.2165476381778717,,0.06539903581142426
2325,2,2,0.18244990706443787,0.0610051304101944,0.18620195984840393
2328,2,1,0.13318440318107605,,0.1970488429069519
2331,2,2,0.3755681812763214,0.23838971555233002,0.2405373752117157
2332,2,2,0.6868069171905518,0.2491513192653656,0.3364306390285492
2333,2,1,0.6868069171905518,,0.32516175508499146
2334,1,4,,0.21982188522815704,0.26371002197265625
2336,1,2,,0.18548288941383362,0.46369707584381104
2337,2,2,0.6868069171905518,0.2384652942419052,0.32699665427207947
2338,1,1,,,0.18304818868637085
2339,3,1,0.4686417281627655,,0.06252437084913254
2340,2,3,0.6868069171905518,0.21607418358325958,0.2945237159729004
2341,1,2,,0.4515053629875183,0.15119704604148865
2361,2,3,0.07568138837814331,0.2341819405555725,0.3819279968738556
2363,1,2,,0.17787276208400726,0.15003742277622223
2364,1,1,,,0.2886279225349426
2365,2,1,0.3592452108860016,,0.16324561834335327
2366,2,0,0.3274341821670532,,
2367,1,2,,0.12166553735733032,0.2365345060825348
2368,1,1,,,0.05218229442834854
2369,1,2,,0.24425764381885529,0.5207329392433167
2373,1,1,,,0.1333208829164505
2374,1,1,,,0.4012439250946045
2375,2,2,0.14414703845977783,0.04551677033305168,0.25589612126350403
2376,2,2,0.2934047281742096,0.034115567803382874,0.25670966506004333
2377,2,2,0.23064573109149933,0.3064024746417999,0.3325384259223938
2378,1,2,,0.3983526825904846,0.4425022304058075
2380,2,2,0.32189759612083435,0.19257372617721558,0.3914630711078644
2381,1,3,,0.38094964623451233,0.2045578509569168
2386,1,1,,,0.6664601564407349
2388,1,2,,0.21629464626312256,0.11677724868059158
2389,1,1,,,0.20510652661323547
2391,1,4,,0.29375776648521423,0.2603881061077118
2393,1,2,,0.31572863459587097,0.14294016361236572
2394,1,1,,,0.63669753074646
2397,1,1,,,0.20184803009033203
2399,2,2,0.18856281042099,0.06954355537891388,0.31461068987846375
2400,2,3,0.23839730024337769,0.1917843073606491,0.2594015896320343
2402,1,5,,0.281261146068573,0.10240961611270905
2403,2,2,0.5398819446563721,0.4017269015312195,0.18245148658752441
2404,1,2,,0.1689201146364212,0.37278440594673157
2405,2,0,0.23667696118354797,,
2406,2,2,0.20405952632427216,0.3735761046409607,0.28143808245658875
2408,3,4,0.1809641271829605,0.3147362172603607,0.24758462607860565
2409,2,3,0.43378564715385437,0.2697489559650421,0.23699146509170532
2410,2,4,0.29538679122924805,0.15155594050884247,0.16302308440208435
2411,1,3,,0.17822939157485962,0.23621995747089386
2414,1,2,,0.008969534188508987,0.46530160307884216
2417,2,1,0.4117894172668457,,0.2233847677707672
2418,1,1,,,0.5682668685913086
2419,2,4,0.24995167553424835,0.07255924493074417,0.18521374464035034
2421,2,0,0.35659006237983704,,
2422,1,2,,0.2930592894554138,0.28622788190841675
2424,2,2,0.2136041522026062,0.2834267020225525,0.18422824144363403
2431,1,1,,,0.31422027945518494
2432,1,1,,,0.2658449113368988
2435,1,1,,,0.5572317838668823
2436,2,0,-0.027333535254001617,,
2437,1,0,,,
2438,1,3,,0.19146031141281128,0.45607998967170715
2440,2,2,0.1557261347770691,0.21798673272132874,0.17556002736091614
2441,1,1,,,0.16310331225395203
2442,2,2,0.39291512966156006,0.16319158673286438,0.3082767724990845
2445,1,0,,,
2446,2,3,0.30265605449676514,0.2613917589187622,0.29643282294273376
2448,1,2,,0.2868804633617401,0.3713565766811371
2449,1,0,,,
2450,2,2,0.22585166990756989,0.3559684157371521,0.17385722696781158
2451,2,2,0.20112189650535583,0.06276935338973999,0.23610876500606537
2452,2,2,0.18110552430152893,0.13361050188541412,0.16078343987464905
2453,2,2,0.1979987621307373,0.21314552426338196,0.37028399109840393
2454,2,1,0.2806897759437561,,0.2812468409538269
2455,1,4,,0.19736038148403168,0.1839194893836975
2457,2,2,0.11811081320047379,0.2894565463066101,0.17581725120544434
2458,2,4,0.1732717603445053,0.19563044607639313,0.1548350751399994
2462,1,2,,0.09941098093986511,0.24689695239067078
2464,2,2,0.2355860322713852,0.1735476851463318,0.150671124458313
2466,1,3,,0.21271224319934845,0.38341185450553894
2468,2,1,0.21191279590129852,,0.3308764696121216
2469,2,2,0.40731942653656006,0.4614641070365906,0.43588176369667053
2476,2,1,0.32726824283599854,,0.17525053024291992
2478,1,2,,0.42886435985565186,0.40616559982299805
2479,1,0,,,
2480,1,1,,,0.5953725576400757
2481,1,0,,,
2485,1,0,,,
2486,1,1,,,0.0662001296877861
2487,2,2,0.24682550132274628,0.19759763777256012,0.2017955482006073
2488,2,3,0.3465586304664612,0.16281890869140625,0.3257349133491516
2489,1,2,,0.22809065878391266,0.33666545152664185
2490,2,3,0.13535423576831818,0.3896905183792114,0.19048120081424713
2492,1,1,,,0.5163221955299377
2494,2,5,0.23130609095096588,0.26246529817581177,0.2419072836637497
2495,2,2,0.5142282247543335,0.26096126437187195,0.4285156726837158
2496,1,0,,,
2498,1,0,,,
2499,2,3,0.32030045986175537,0.13414926826953888,0.18005774915218353
2502,2,2,0.18522098660469055,0.4825456738471985,0.08788326382637024
2504,2,2,0.06858344376087189,0.32846784591674805,0.2057754397392273
2505,1,3,,0.34084805846214294,0.4342995584011078
2506,1,3,,0.09630310535430908,0.14721162617206573
2507,1,2,,0.31731176376342773,0.30947214365005493
2508,1,1,,,0.08973734080791473
2509,1,1,,,0.6748411655426025
2510,1,1,,,0.35772889852523804
2511,1,1,,,0.4427311420440674
2513,2,2,0.2891961336135864,0.0859743133187294,0.13971157371997833
2514,1,1,,,0.037727952003479004
2515,2,2,0.6416341066360474,0.11678427457809448,0.36523377895355225
2518,1,3,,0.3619166314601898,0.46004605293273926
2519,1,1,,,0.37087011337280273
2521,1,3,,0.18914778530597687,0.2940954864025116
2523,1,1,,,0.24300041794776917
2525,1,3,,0.23803935945034027,0.18244536221027374
2526,1,1,,,0.5365899801254272
2527,1,1,,,0.109124556183815
2528,2,4,0.3547672927379608,0.2633921802043915,0.29742926359176636
2529,1,1,,,0.09019220620393753
2530,1,1,,,0.6028918623924255
2531,2,2,0.1869969666004181,0.09899880737066269,0.10096687823534012
2532,1,2,,0.5701199173927307,0.45073699951171875
2533,1,2,,0.2723812758922577,0.11498066782951355
2535,1,0,,,
2536,1,0,,,
2537,1,2,,0.4347233772277832,0.31899553537368774
2538,1,0,,,
2539,2,1,0.08895871788263321,,0.10156366229057312
2540,2,2,0.3291875720024109,0.23647351562976837,0.19225282967090607
2541,1,0,,,
2542,1,0,,,
2545,1,1,,,0.5962588787078857
2547,1,1,,,0.19959333539009094
2548,1,2,,0.22572679817676544,0.3535093069076538
2549,2,0,0.22158923745155334,,
2550,1,3,,0.26267245411872864,0.17924682796001434
2552,1,0,,,
2556,1,0,,,
2558,2,1,0.47501319646835327,,0.28176653385162354
2559,2,2,0.3021732568740845,0.47336164116859436,0.266178697347641
2560,1,3,,0.21027420461177826,0.17200513184070587
2563,2,1,0.337647020816803,,0.45369064807891846
2564,1,2,,0.17332033812999725,0.29630547761917114
2565,1,4,,0.22529412806034088,0.40096327662467957
2566,1,1,,,0.6371618509292603
2571,1,4,,0.3030743896961212,0.27457520365715027
2573,1,2,,0.19974252581596375,0.2289067506790161
2575,1,1,,,0.4258628487586975
2576,1,3,,0.2735227942466736,0.36014676094055176
2577,1,1,,,0.30291420221328735
2578,1,1,,,0.2896779775619507
2579,1,3,,0.2712022066116333,0.35290977358818054
2580,1,3,,0.18240781128406525,0.27360451221466064
2581,2,4,0.3656028211116791,0.5410661697387695,0.3225165009498596
2584,2,4,0.38969162106513977,0.21103568375110626,0.27574777603149414
2585,2,2,0.4365578293800354,0.44602054357528687,0.19618742167949677
2586,2,4,0.49857938289642334,0.2056945562362671,0.2347736656665802
2588,1,1,,,0.1666162610054016
2590,1,1,,,0.1941911280155182
2591,1,4,,0.3077950179576874,0.42761754989624023
2593,1,1,,,0.14942993223667145
2595,1,1,,,0.17222844064235687
2596,2,1,0.5615283250808716,,0.12208569049835205
2598,1,3,,0.44169187545776367,0.19228899478912354
2599,2,5,0.3469308614730835,0.20694951713085175,0.23943087458610535
2600,2,1,0.3499133586883545,,0.40106135606765747
2601,1,2,,0.18121600151062012,0.5906080007553101
2602,1,1,,,0.2857186794281006
2604,1,0,,,
2605,1,3,,0.22836053371429443,0.31020215153694153
2606,1,2,,0.18370062112808228,0.2131768763065338
2608,1,2,,0.030566059052944183,0.1982906460762024
2609,1,0,,,
2611,1,1,,,0.7996785640716553
2612,1,3,,0.21091784536838531,0.2342728227376938
2613,1,2,,0.5313963890075684,0.11572298407554626
2615,1,1,,,0.5186281800270081
2619,2,3,0.3257596492767334,0.20519758760929108,0.20340095460414886
2620,2,0,0.11930854618549347,,
2621,1,0,,,
2622,2,1,0.5959861874580383,,0.13339173793792725
2623,1,2,,0.24720998108386993,0.29069453477859497
2624,2,1,0.11095539480447769,,0.19820865988731384
2625,1,0,,,
2626,1,1,,,0.43768221139907837
2627,1,2,,0.39683109521865845,0.35098007321357727
2628,2,1,0.41092151403427124,,0.047465406358242035
2629,1,2,,0.23898030817508698,0.3983002007007599
2633,1,2,,0.21120351552963257,0.2098192572593689
2634,1,3,,0.3203107416629791,0.28805598616600037
2635,1,3,,0.21538281440734863,0.2307884246110916
2636,1,4,,0.22624482214450836,0.27075302600860596
2638,1,0,,,
2641,1,3,,0.3325008451938629,0.39810168743133545
2642,1,4,,0.34262096881866455,0.4140756130218506
2643,1,2,,0.5157278776168823,0.5201700925827026
2644,1,2,,0.29811161756515503,0.29603615403175354
2646,1,1,,,0.38220322132110596
2647,1,3,,0.22307568788528442,0.2764742374420166
2648,1,2,,0.2576008141040802,0.2511248290538788
2649,2,2,0.33473578095436096,0.1847103238105774,0.27150875329971313
2650,1,4,,0.18042314052581787,0.26725679636001587
2651,1,4,,0.2847585380077362,0.30086442828178406
2652,2,5,0.379888117313385,0.3972526788711548,0.23647625744342804
2653,1,1,,,0.19063913822174072
2654,2,1,0.32336312532424927,,0.48243945837020874
2655,2,2,0.3330882489681244,0.16255483031272888,0.3547517955303192
2656,1,3,,0.2653258144855499,0.13445623219013214
2657,1,3,,0.2559235990047455,0.39386871457099915
2658,1,1,,,0.3903370499610901
2659,1,1,,,0.37319403886795044
2660,2,2,0.3473895788192749,0.2640005350112915,0.24581539630889893
2661,1,2,,0.23709319531917572,0.25836771726608276
2663,1,0,,,
2664,1,2,,0.34912875294685364,0.5517114400863647
2666,1,4,,0.14234459400177002,0.19582366943359375
2667,2,3,0.6868069171905518,0.17711926996707916,0.2550792694091797
2669,1,2,,0.18385756015777588,0.32268089056015015
2670,1,0,,,
2671,2,1,0.43543604016304016,,0.4087657928466797
2672,1,5,,0.20107921957969666,0.26538142561912537
2673,2,1,0.2875927686691284,,0.4296451807022095
2674,1,1,,,0.5118988156318665
2676,1,1,,,0.47476810216903687
2677,1,2,,0.2679597735404968,0.36004403233528137
2678,1,1,,,0.2974439859390259
2679,1,2,,0.1910136342048645,0.17077983915805817
2680,1,2,,0.3091663718223572,0.3320688009262085
2681,1,3,,0.34869077801704407,0.20877225697040558
2682,1,4,,0.41362664103507996,0.1460634469985962
2686,2,2,0.20864880084991455,0.26394861936569214,0.32489103078842163
2689,1,1,,,0.7650770545005798
2690,1,1,,,0.07963442802429199
2692,1,1,,,0.4627695679664612
2693,1,3,,0.4418044090270996,0.07800088822841644
2695,1,2,,0.18769490718841553,0.278758704662323
2696,2,2,0.31805846095085144,0.269806444644928,0.1655149757862091
2698,2,1,0.6416341066360474,,0.3002112805843353
2699,1,2,,0.5963729619979858,0.1512177437543869
2704,1,2,,0.33067747950553894,0.3172454237937927
2707,2,1,0.4187394380569458,,0.20634892582893372
2708,1,0,,,
2709,1,0,,,
2710,2,3,0.5016055703163147,0.21134360134601593,0.22932761907577515
2715,2,3,0.637836217880249,0.3494836986064911,0.5179681181907654
2716,1,1,,,0.047921255230903625
2718,1,4,,0.473778635263443,0.5233312249183655
2719,1,0,,,
2721,2,2,0.6425396800041199,0.4405365586280823,0.3690606653690338
2722,1,0,,,
2724,1,1,,,0.29808318614959717
2725,2,3,0.20964697003364563,0.24406087398529053,0.22450391948223114
2726,1,0,,,
2727,1,3,,0.26981082558631897,0.5719711780548096
2728,1,1,,,0.6242620944976807
